step,tokens_processed,train_loss,validation_loss,learning_rate,elapsed_seconds
1,2048,9.27220344543457,,0.0,0.2931279999902472
5,10240,7.7704668045043945,,0.0009696125032319601,0.6823461999883875
10,20480,6.05025577545166,5.9017692565917965,0.0006731483455324374,1.2980239999888
15,30720,5.587721824645996,,0.00027881441362933467,1.7701299999898765
20,40960,5.389145851135254,5.2638603210449215,0.0001,2.3694911999918986
